{
  "Create Student" : {
    "transaction" : "Create Student",
    "sampleCount" : 1300,
    "errorCount" : 10,
    "errorPct" : 0.7692308,
    "meanResTime" : 5137.016153846156,
    "medianResTime" : 3081.5,
    "minResTime" : 220.0,
    "maxResTime" : 26916.0,
    "pct1ResTime" : 12809.500000000005,
    "pct2ResTime" : 14327.85,
    "pct3ResTime" : 21948.98,
    "throughput" : 32.20292798929872,
    "receivedKBytesPerSec" : 15.395815399811736,
    "sentKBytesPerSec" : 12.264061300131289
  },
  "Final Student Details" : {
    "transaction" : "Final Student Details",
    "sampleCount" : 1300,
    "errorCount" : 10,
    "errorPct" : 0.7692308,
    "meanResTime" : 9686.77923076922,
    "medianResTime" : 10884.0,
    "minResTime" : 352.0,
    "maxResTime" : 39183.0,
    "pct1ResTime" : 15732.9,
    "pct2ResTime" : 16154.5,
    "pct3ResTime" : 37106.75,
    "throughput" : 14.979029358897543,
    "receivedKBytesPerSec" : 11.369861940878923,
    "sentKBytesPerSec" : 3.846365388936259
  },
  "Get Specific Student" : {
    "transaction" : "Get Specific Student",
    "sampleCount" : 1300,
    "errorCount" : 0,
    "errorPct" : 0.0,
    "meanResTime" : 3228.98307692308,
    "medianResTime" : 3209.5,
    "minResTime" : 238.0,
    "maxResTime" : 20168.0,
    "pct1ResTime" : 4542.9000000000015,
    "pct2ResTime" : 6958.100000000008,
    "pct3ResTime" : 15778.45,
    "throughput" : 23.982142527717823,
    "receivedKBytesPerSec" : 11.764437134502923,
    "sentKBytesPerSec" : 6.064534734905086
  },
  "Create student address" : {
    "transaction" : "Create student address",
    "sampleCount" : 1300,
    "errorCount" : 11,
    "errorPct" : 0.84615386,
    "meanResTime" : 7528.748461538468,
    "medianResTime" : 5145.5,
    "minResTime" : 249.0,
    "maxResTime" : 37078.0,
    "pct1ResTime" : 15399.9,
    "pct2ResTime" : 15867.0,
    "pct3ResTime" : 28503.69,
    "throughput" : 15.16530178950561,
    "receivedKBytesPerSec" : 4.926809191339446,
    "sentKBytesPerSec" : 7.774381685856607
  },
  "Total" : {
    "transaction" : "Total",
    "sampleCount" : 7800,
    "errorCount" : 45,
    "errorPct" : 0.5769231,
    "meanResTime" : 6557.498333333316,
    "medianResTime" : 4480.0,
    "minResTime" : 67.0,
    "maxResTime" : 39183.0,
    "pct1ResTime" : 14505.7,
    "pct2ResTime" : 15971.399999999998,
    "pct3ResTime" : 25296.97,
    "throughput" : 76.1934532240576,
    "receivedKBytesPerSec" : 166.51921228912485,
    "sentKBytesPerSec" : 25.952918032206387
  },
  "Get Student" : {
    "transaction" : "Get Student",
    "sampleCount" : 1300,
    "errorCount" : 0,
    "errorPct" : 0.0,
    "meanResTime" : 9121.813076923065,
    "medianResTime" : 9258.5,
    "minResTime" : 67.0,
    "maxResTime" : 33636.0,
    "pct1ResTime" : 16321.0,
    "pct2ResTime" : 16960.8,
    "pct3ResTime" : 19283.41,
    "throughput" : 30.63220151275949,
    "receivedKBytesPerSec" : 328.84745237281743,
    "sentKBytesPerSec" : 7.508479081740852
  },
  "Create Technical Skills" : {
    "transaction" : "Create Technical Skills",
    "sampleCount" : 1300,
    "errorCount" : 14,
    "errorPct" : 1.0769231,
    "meanResTime" : 4641.649999999999,
    "medianResTime" : 4186.0,
    "minResTime" : 237.0,
    "maxResTime" : 37132.0,
    "pct1ResTime" : 8349.100000000004,
    "pct2ResTime" : 12232.25,
    "pct3ResTime" : 15890.41,
    "throughput" : 15.355902572704293,
    "receivedKBytesPerSec" : 4.990068496184649,
    "sentKBytesPerSec" : 6.072571958645373
  }
}