{
  "Create Student" : {
    "transaction" : "Create Student",
    "sampleCount" : 300,
    "errorCount" : 0,
    "errorPct" : 0.0,
    "meanResTime" : 1289.2633333333338,
    "medianResTime" : 1188.0,
    "minResTime" : 259.0,
    "maxResTime" : 3831.0,
    "pct1ResTime" : 2502.5,
    "pct2ResTime" : 2711.8,
    "pct3ResTime" : 3575.510000000004,
    "throughput" : 25.079418157498747,
    "receivedKBytesPerSec" : 11.535552687677646,
    "sentKBytesPerSec" : 9.625206382711921
  },
  "Final Student Details" : {
    "transaction" : "Final Student Details",
    "sampleCount" : 300,
    "errorCount" : 0,
    "errorPct" : 0.0,
    "meanResTime" : 1489.8366666666677,
    "medianResTime" : 1120.0,
    "minResTime" : 166.0,
    "maxResTime" : 3794.0,
    "pct1ResTime" : 2862.4000000000005,
    "pct2ResTime" : 3388.85,
    "pct3ResTime" : 3710.7300000000005,
    "throughput" : 20.846362309776943,
    "receivedKBytesPerSec" : 15.879065040650406,
    "sentKBytesPerSec" : 5.354095007296227
  },
  "Get Specific Student" : {
    "transaction" : "Get Specific Student",
    "sampleCount" : 300,
    "errorCount" : 0,
    "errorPct" : 0.0,
    "meanResTime" : 734.7666666666668,
    "medianResTime" : 534.0,
    "minResTime" : 51.0,
    "maxResTime" : 2845.0,
    "pct1ResTime" : 2183.800000000011,
    "pct2ResTime" : 2546.25,
    "pct3ResTime" : 2645.78,
    "throughput" : 22.832787883400563,
    "receivedKBytesPerSec" : 9.387308299718397,
    "sentKBytesPerSec" : 5.775089904102291
  },
  "Create student address" : {
    "transaction" : "Create student address",
    "sampleCount" : 300,
    "errorCount" : 0,
    "errorPct" : 0.0,
    "meanResTime" : 619.6466666666669,
    "medianResTime" : 492.0,
    "minResTime" : 56.0,
    "maxResTime" : 3781.0,
    "pct1ResTime" : 1499.5000000000036,
    "pct2ResTime" : 1919.3999999999994,
    "pct3ResTime" : 2806.640000000003,
    "throughput" : 20.977554017201594,
    "receivedKBytesPerSec" : 6.801316341514579,
    "sentKBytesPerSec" : 10.755093612334802
  },
  "Total" : {
    "transaction" : "Total",
    "sampleCount" : 1800,
    "errorCount" : 0,
    "errorPct" : 0.0,
    "meanResTime" : 942.3688888888881,
    "medianResTime" : 698.0,
    "minResTime" : 51.0,
    "maxResTime" : 3831.0,
    "pct1ResTime" : 2413.6000000000013,
    "pct2ResTime" : 2665.0,
    "pct3ResTime" : 3542.9700000000003,
    "throughput" : 95.25321479599937,
    "receivedKBytesPerSec" : 206.6455240911256,
    "sentKBytesPerSec" : 32.4952373392602
  },
  "Get Student" : {
    "transaction" : "Get Student",
    "sampleCount" : 300,
    "errorCount" : 0,
    "errorPct" : 0.0,
    "meanResTime" : 516.55,
    "medianResTime" : 256.5,
    "minResTime" : 55.0,
    "maxResTime" : 3637.0,
    "pct1ResTime" : 982.1000000000004,
    "pct2ResTime" : 2218.9,
    "pct3ResTime" : 2621.98,
    "throughput" : 22.838002436053593,
    "receivedKBytesPerSec" : 245.17398513626677,
    "sentKBytesPerSec" : 5.597986925243606
  },
  "Create Technical Skills" : {
    "transaction" : "Create Technical Skills",
    "sampleCount" : 300,
    "errorCount" : 0,
    "errorPct" : 0.0,
    "meanResTime" : 1004.1499999999997,
    "medianResTime" : 781.5,
    "minResTime" : 62.0,
    "maxResTime" : 3640.0,
    "pct1ResTime" : 2564.7000000000003,
    "pct2ResTime" : 3232.5,
    "pct3ResTime" : 3591.51,
    "throughput" : 21.208907741251327,
    "receivedKBytesPerSec" : 6.876325556733828,
    "sentKBytesPerSec" : 8.388288706256628
  }
}