{
  "Create Student" : {
    "transaction" : "Create Student",
    "sampleCount" : 500,
    "errorCount" : 0,
    "errorPct" : 0.0,
    "meanResTime" : 2414.5399999999995,
    "medianResTime" : 2080.5,
    "minResTime" : 317.0,
    "maxResTime" : 7011.0,
    "pct1ResTime" : 4649.500000000001,
    "pct2ResTime" : 5035.9,
    "pct3ResTime" : 6361.8200000000015,
    "throughput" : 35.63030000712606,
    "receivedKBytesPerSec" : 16.38854619468396,
    "sentKBytesPerSec" : 13.674519436328655
  },
  "Final Student Details" : {
    "transaction" : "Final Student Details",
    "sampleCount" : 500,
    "errorCount" : 0,
    "errorPct" : 0.0,
    "meanResTime" : 4473.311999999999,
    "medianResTime" : 4908.5,
    "minResTime" : 366.0,
    "maxResTime" : 7626.0,
    "pct1ResTime" : 6906.5,
    "pct2ResTime" : 7173.7,
    "pct3ResTime" : 7520.99,
    "throughput" : 20.317769921573408,
    "receivedKBytesPerSec" : 15.476426307448493,
    "sentKBytesPerSec" : 5.218333485716608
  },
  "Get Specific Student" : {
    "transaction" : "Get Specific Student",
    "sampleCount" : 500,
    "errorCount" : 0,
    "errorPct" : 0.0,
    "meanResTime" : 1106.786,
    "medianResTime" : 1096.5,
    "minResTime" : 70.0,
    "maxResTime" : 5075.0,
    "pct1ResTime" : 1689.8000000000004,
    "pct2ResTime" : 2490.35,
    "pct3ResTime" : 4208.300000000003,
    "throughput" : 30.89471082550667,
    "receivedKBytesPerSec" : 12.701829353064754,
    "sentKBytesPerSec" : 7.814189554498269
  },
  "Create student address" : {
    "transaction" : "Create student address",
    "sampleCount" : 500,
    "errorCount" : 0,
    "errorPct" : 0.0,
    "meanResTime" : 2415.5639999999976,
    "medianResTime" : 1574.0,
    "minResTime" : 189.0,
    "maxResTime" : 5669.0,
    "pct1ResTime" : 4931.8,
    "pct2ResTime" : 5017.55,
    "pct3ResTime" : 5363.98,
    "throughput" : 21.25759959185409,
    "receivedKBytesPerSec" : 6.892112367671443,
    "sentKBytesPerSec" : 10.898671665745503
  },
  "Total" : {
    "transaction" : "Total",
    "sampleCount" : 3000,
    "errorCount" : 0,
    "errorPct" : 0.0,
    "meanResTime" : 2310.777666666667,
    "medianResTime" : 1556.0,
    "minResTime" : 53.0,
    "maxResTime" : 7626.0,
    "pct1ResTime" : 5108.400000000001,
    "pct2ResTime" : 6094.9,
    "pct3ResTime" : 7152.899999999998,
    "throughput" : 93.18506554016275,
    "receivedKBytesPerSec" : 202.15881161862458,
    "sentKBytesPerSec" : 31.789696837920108
  },
  "Get Student" : {
    "transaction" : "Get Student",
    "sampleCount" : 500,
    "errorCount" : 0,
    "errorPct" : 0.0,
    "meanResTime" : 1755.145999999999,
    "medianResTime" : 1266.5,
    "minResTime" : 53.0,
    "maxResTime" : 7424.0,
    "pct1ResTime" : 3789.6000000000004,
    "pct2ResTime" : 4912.85,
    "pct3ResTime" : 6751.990000000001,
    "throughput" : 43.74070510016622,
    "receivedKBytesPerSec" : 469.5718468419211,
    "sentKBytesPerSec" : 10.72159861341965
  },
  "Create Technical Skills" : {
    "transaction" : "Create Technical Skills",
    "sampleCount" : 500,
    "errorCount" : 0,
    "errorPct" : 0.0,
    "meanResTime" : 1699.3180000000004,
    "medianResTime" : 1409.0,
    "minResTime" : 88.0,
    "maxResTime" : 4963.0,
    "pct1ResTime" : 3406.2000000000007,
    "pct2ResTime" : 3995.8,
    "pct3ResTime" : 4870.88,
    "throughput" : 25.272947836635662,
    "receivedKBytesPerSec" : 8.19396355640922,
    "sentKBytesPerSec" : 9.99564831429438
  }
}