{
  "Create Student" : {
    "transaction" : "Create Student",
    "sampleCount" : 100,
    "errorCount" : 0,
    "errorPct" : 0.0,
    "meanResTime" : 580.4399999999998,
    "medianResTime" : 332.0,
    "minResTime" : 239.0,
    "maxResTime" : 3317.0,
    "pct1ResTime" : 1370.3000000000002,
    "pct2ResTime" : 1833.2499999999989,
    "pct3ResTime" : 3316.91,
    "throughput" : 10.027073097362878,
    "receivedKBytesPerSec" : 4.6120619422440585,
    "sentKBytesPerSec" : 3.8482809836558705
  },
  "Final Student Details" : {
    "transaction" : "Final Student Details",
    "sampleCount" : 100,
    "errorCount" : 0,
    "errorPct" : 0.0,
    "meanResTime" : 300.28,
    "medianResTime" : 230.0,
    "minResTime" : 143.0,
    "maxResTime" : 909.0,
    "pct1ResTime" : 685.4000000000001,
    "pct2ResTime" : 799.0499999999995,
    "pct3ResTime" : 908.5699999999998,
    "throughput" : 12.19958521410272,
    "receivedKBytesPerSec" : 9.292652799804808,
    "sentKBytesPerSec" : 3.1332919055752106
  },
  "Get Specific Student" : {
    "transaction" : "Get Specific Student",
    "sampleCount" : 100,
    "errorCount" : 0,
    "errorPct" : 0.0,
    "meanResTime" : 106.40999999999997,
    "medianResTime" : 72.5,
    "minResTime" : 51.0,
    "maxResTime" : 781.0,
    "pct1ResTime" : 114.70000000000002,
    "pct2ResTime" : 241.09999999999957,
    "pct3ResTime" : 780.8399999999999,
    "throughput" : 12.379301807378065,
    "receivedKBytesPerSec" : 5.089537168853677,
    "sentKBytesPerSec" : 3.131092937608319
  },
  "Create student address" : {
    "transaction" : "Create student address",
    "sampleCount" : 100,
    "errorCount" : 0,
    "errorPct" : 0.0,
    "meanResTime" : 98.28999999999996,
    "medianResTime" : 67.5,
    "minResTime" : 53.0,
    "maxResTime" : 758.0,
    "pct1ResTime" : 109.9,
    "pct2ResTime" : 238.74999999999994,
    "pct3ResTime" : 757.8599999999999,
    "throughput" : 12.330456226880395,
    "receivedKBytesPerSec" : 3.9977651048088783,
    "sentKBytesPerSec" : 6.321767108508015
  },
  "Total" : {
    "transaction" : "Total",
    "sampleCount" : 600,
    "errorCount" : 0,
    "errorPct" : 0.0,
    "meanResTime" : 214.88833333333338,
    "medianResTime" : 92.0,
    "minResTime" : 48.0,
    "maxResTime" : 3317.0,
    "pct1ResTime" : 460.4999999999992,
    "pct2ResTime" : 761.7999999999997,
    "pct3ResTime" : 1742.0500000000009,
    "throughput" : 50.0751126690035,
    "receivedKBytesPerSec" : 108.63463163495244,
    "sentKBytesPerSec" : 17.08291604072776
  },
  "Get Student" : {
    "transaction" : "Get Student",
    "sampleCount" : 100,
    "errorCount" : 0,
    "errorPct" : 0.0,
    "meanResTime" : 99.36000000000003,
    "medianResTime" : 70.0,
    "minResTime" : 50.0,
    "maxResTime" : 723.0,
    "pct1ResTime" : 131.90000000000006,
    "pct2ResTime" : 211.0999999999998,
    "pct3ResTime" : 722.8799999999999,
    "throughput" : 12.376237623762377,
    "receivedKBytesPerSec" : 132.8632619121287,
    "sentKBytesPerSec" : 3.0336285581683167
  },
  "Create Technical Skills" : {
    "transaction" : "Create Technical Skills",
    "sampleCount" : 100,
    "errorCount" : 0,
    "errorPct" : 0.0,
    "meanResTime" : 104.55000000000001,
    "medianResTime" : 65.5,
    "minResTime" : 48.0,
    "maxResTime" : 896.0,
    "pct1ResTime" : 136.3000000000001,
    "pct2ResTime" : 234.24999999999983,
    "pct3ResTime" : 894.8099999999994,
    "throughput" : 12.313754463735993,
    "receivedKBytesPerSec" : 3.9923500800394036,
    "sentKBytesPerSec" : 4.870186091614333
  }
}