{
  "Create Student" : {
    "transaction" : "Create Student",
    "sampleCount" : 1500,
    "errorCount" : 105,
    "errorPct" : 7.0,
    "meanResTime" : 8718.940666666665,
    "medianResTime" : 6538.0,
    "minResTime" : 237.0,
    "maxResTime" : 40076.0,
    "pct1ResTime" : 21133.9,
    "pct2ResTime" : 21318.850000000002,
    "pct3ResTime" : 33063.850000000006,
    "throughput" : 28.931836592986922,
    "receivedKBytesPerSec" : 18.079855033416273,
    "sentKBytesPerSec" : 10.326461871455852
  },
  "Final Student Details" : {
    "transaction" : "Final Student Details",
    "sampleCount" : 1500,
    "errorCount" : 105,
    "errorPct" : 7.0,
    "meanResTime" : 7385.465999999992,
    "medianResTime" : 8503.5,
    "minResTime" : 366.0,
    "maxResTime" : 12456.0,
    "pct1ResTime" : 11238.2,
    "pct2ResTime" : 11539.550000000001,
    "pct3ResTime" : 11982.82,
    "throughput" : 20.647505781301618,
    "receivedKBytesPerSec" : 15.226527334716717,
    "sentKBytesPerSec" : 5.293141350243641
  },
  "Get Specific Student" : {
    "transaction" : "Get Specific Student",
    "sampleCount" : 1500,
    "errorCount" : 0,
    "errorPct" : 0.0,
    "meanResTime" : 4645.460666666669,
    "medianResTime" : 2472.5,
    "minResTime" : 241.0,
    "maxResTime" : 34008.0,
    "pct1ResTime" : 9035.400000000001,
    "pct2ResTime" : 9993.800000000001,
    "pct3ResTime" : 13751.190000000004,
    "throughput" : 23.400570973931764,
    "receivedKBytesPerSec" : 26.532225511302475,
    "sentKBytesPerSec" : 5.907501564913184
  },
  "Create student address" : {
    "transaction" : "Create student address",
    "sampleCount" : 1500,
    "errorCount" : 105,
    "errorPct" : 7.0,
    "meanResTime" : 7037.696666666666,
    "medianResTime" : 8493.5,
    "minResTime" : 241.0,
    "maxResTime" : 19780.0,
    "pct1ResTime" : 11180.0,
    "pct2ResTime" : 11380.9,
    "pct3ResTime" : 11759.99,
    "throughput" : 20.723384266806665,
    "receivedKBytesPerSec" : 6.8407405760410045,
    "sentKBytesPerSec" : 10.61486550955348
  },
  "Total" : {
    "transaction" : "Total",
    "sampleCount" : 9000,
    "errorCount" : 420,
    "errorPct" : 4.6666665,
    "meanResTime" : 7297.556444444444,
    "medianResTime" : 7356.0,
    "minResTime" : 53.0,
    "maxResTime" : 40076.0,
    "pct1ResTime" : 11726.7,
    "pct2ResTime" : 17359.44999999999,
    "pct3ResTime" : 31822.0,
    "throughput" : 104.70716895083416,
    "receivedKBytesPerSec" : 242.43697482810575,
    "sentKBytesPerSec" : 35.21818129101031
  },
  "Get Student" : {
    "transaction" : "Get Student",
    "sampleCount" : 1500,
    "errorCount" : 0,
    "errorPct" : 0.0,
    "meanResTime" : 9909.703333333333,
    "medianResTime" : 8639.5,
    "minResTime" : 53.0,
    "maxResTime" : 34220.0,
    "pct1ResTime" : 19284.9,
    "pct2ResTime" : 31363.800000000017,
    "pct3ResTime" : 32744.69,
    "throughput" : 28.490569621455297,
    "receivedKBytesPerSec" : 305.8562811022052,
    "sentKBytesPerSec" : 6.983528295884062
  },
  "Create Technical Skills" : {
    "transaction" : "Create Technical Skills",
    "sampleCount" : 1500,
    "errorCount" : 105,
    "errorPct" : 7.0,
    "meanResTime" : 6088.071333333337,
    "medianResTime" : 7202.0,
    "minResTime" : 236.0,
    "maxResTime" : 19809.0,
    "pct1ResTime" : 11040.9,
    "pct2ResTime" : 11257.65,
    "pct3ResTime" : 11454.99,
    "throughput" : 21.245556137841167,
    "receivedKBytesPerSec" : 7.024726950342054,
    "sentKBytesPerSec" : 8.392617102849737
  }
}