{
  "Create Student" : {
    "transaction" : "Create Student",
    "sampleCount" : 1200,
    "errorCount" : 0,
    "errorPct" : 0.0,
    "meanResTime" : 9739.036666666681,
    "medianResTime" : 7061.0,
    "minResTime" : 284.0,
    "maxResTime" : 30498.0,
    "pct1ResTime" : 18223.6,
    "pct2ResTime" : 18680.55,
    "pct3ResTime" : 21738.21,
    "throughput" : 29.4833050784993,
    "receivedKBytesPerSec" : 13.561168644505049,
    "sentKBytesPerSec" : 11.315370015478734
  },
  "Final Student Details" : {
    "transaction" : "Final Student Details",
    "sampleCount" : 1200,
    "errorCount" : 0,
    "errorPct" : 0.0,
    "meanResTime" : 7877.951666666666,
    "medianResTime" : 7847.5,
    "minResTime" : 170.0,
    "maxResTime" : 17250.0,
    "pct1ResTime" : 14699.8,
    "pct2ResTime" : 15853.35,
    "pct3ResTime" : 16826.93,
    "throughput" : 20.12781160368339,
    "receivedKBytesPerSec" : 15.331731494993207,
    "sentKBytesPerSec" : 5.169545363055402
  },
  "Get Specific Student" : {
    "transaction" : "Get Specific Student",
    "sampleCount" : 1200,
    "errorCount" : 0,
    "errorPct" : 0.0,
    "meanResTime" : 2834.2049999999977,
    "medianResTime" : 1980.5,
    "minResTime" : 231.0,
    "maxResTime" : 15825.0,
    "pct1ResTime" : 5122.900000000005,
    "pct2ResTime" : 5709.300000000001,
    "pct3ResTime" : 14216.230000000001,
    "throughput" : 27.207182696231804,
    "receivedKBytesPerSec" : 11.185765542103114,
    "sentKBytesPerSec" : 6.881504217113318
  },
  "Create student address" : {
    "transaction" : "Create student address",
    "sampleCount" : 1200,
    "errorCount" : 0,
    "errorPct" : 0.0,
    "meanResTime" : 6407.304166666665,
    "medianResTime" : 4444.0,
    "minResTime" : 237.0,
    "maxResTime" : 16417.0,
    "pct1ResTime" : 14352.0,
    "pct2ResTime" : 14502.65,
    "pct3ResTime" : 15712.92,
    "throughput" : 20.546186114202552,
    "receivedKBytesPerSec" : 6.661458779214108,
    "sentKBytesPerSec" : 10.533933310504237
  },
  "Total" : {
    "transaction" : "Total",
    "sampleCount" : 7200,
    "errorCount" : 0,
    "errorPct" : 0.0,
    "meanResTime" : 6861.588472222221,
    "medianResTime" : 5081.0,
    "minResTime" : 170.0,
    "maxResTime" : 32490.0,
    "pct1ResTime" : 15218.0,
    "pct2ResTime" : 16945.6,
    "pct3ResTime" : 18841.989999999998,
    "throughput" : 88.70490833826139,
    "receivedKBytesPerSec" : 192.4394080795387,
    "sentKBytesPerSec" : 30.261309875813126
  },
  "Get Student" : {
    "transaction" : "Get Student",
    "sampleCount" : 1200,
    "errorCount" : 0,
    "errorPct" : 0.0,
    "meanResTime" : 9941.505833333338,
    "medianResTime" : 9412.0,
    "minResTime" : 256.0,
    "maxResTime" : 32490.0,
    "pct1ResTime" : 16460.4,
    "pct2ResTime" : 16978.550000000003,
    "pct3ResTime" : 32130.97,
    "throughput" : 36.66809264804742,
    "receivedKBytesPerSec" : 393.64486570311067,
    "sentKBytesPerSec" : 8.987979740878812
  },
  "Create Technical Skills" : {
    "transaction" : "Create Technical Skills",
    "sampleCount" : 1200,
    "errorCount" : 0,
    "errorPct" : 0.0,
    "meanResTime" : 4369.5275,
    "medianResTime" : 4305.5,
    "minResTime" : 232.0,
    "maxResTime" : 16335.0,
    "pct1ResTime" : 7866.9,
    "pct2ResTime" : 9100.7,
    "pct3ResTime" : 14228.87,
    "throughput" : 20.65511127941202,
    "receivedKBytesPerSec" : 6.696774360121865,
    "sentKBytesPerSec" : 8.169257879064324
  }
}