{
  "Create Student" : {
    "transaction" : "Create Student",
    "sampleCount" : 1000,
    "errorCount" : 0,
    "errorPct" : 0.0,
    "meanResTime" : 10180.469000000003,
    "medianResTime" : 8656.0,
    "minResTime" : 363.0,
    "maxResTime" : 20376.0,
    "pct1ResTime" : 19464.4,
    "pct2ResTime" : 19876.9,
    "pct3ResTime" : 20295.98,
    "throughput" : 40.75311761349743,
    "receivedKBytesPerSec" : 18.74484218355204,
    "sentKBytesPerSec" : 15.640600802836417
  },
  "Final Student Details" : {
    "transaction" : "Final Student Details",
    "sampleCount" : 1000,
    "errorCount" : 0,
    "errorPct" : 0.0,
    "meanResTime" : 5752.8120000000035,
    "medianResTime" : 6039.5,
    "minResTime" : 165.0,
    "maxResTime" : 13527.0,
    "pct1ResTime" : 10107.9,
    "pct2ResTime" : 11757.55,
    "pct3ResTime" : 12175.880000000001,
    "throughput" : 20.58756922570152,
    "receivedKBytesPerSec" : 15.681937496139831,
    "sentKBytesPerSec" : 5.287627642929199
  },
  "Get Specific Student" : {
    "transaction" : "Get Specific Student",
    "sampleCount" : 1000,
    "errorCount" : 0,
    "errorPct" : 0.0,
    "meanResTime" : 3121.254,
    "medianResTime" : 2788.0,
    "minResTime" : 63.0,
    "maxResTime" : 19430.0,
    "pct1ResTime" : 6479.5999999999985,
    "pct2ResTime" : 7444.649999999995,
    "pct3ResTime" : 10035.580000000005,
    "throughput" : 20.36908787224508,
    "receivedKBytesPerSec" : 8.374400384975761,
    "sentKBytesPerSec" : 5.151947030186988
  },
  "Create student address" : {
    "transaction" : "Create student address",
    "sampleCount" : 1000,
    "errorCount" : 0,
    "errorPct" : 0.0,
    "meanResTime" : 3046.6640000000007,
    "medianResTime" : 3349.0,
    "minResTime" : 81.0,
    "maxResTime" : 9702.0,
    "pct1ResTime" : 5618.9,
    "pct2ResTime" : 5746.0,
    "pct3ResTime" : 6234.96,
    "throughput" : 20.549915745345444,
    "receivedKBytesPerSec" : 6.662667995561218,
    "sentKBytesPerSec" : 10.535845474908553
  },
  "Total" : {
    "transaction" : "Total",
    "sampleCount" : 6000,
    "errorCount" : 0,
    "errorPct" : 0.0,
    "meanResTime" : 5792.13300000001,
    "medianResTime" : 4458.5,
    "minResTime" : 52.0,
    "maxResTime" : 48494.0,
    "pct1ResTime" : 15778.600000000002,
    "pct2ResTime" : 18004.699999999997,
    "pct3ResTime" : 20223.92,
    "throughput" : 84.48086508405845,
    "receivedKBytesPerSec" : 183.27562674241784,
    "sentKBytesPerSec" : 28.820295119822024
  },
  "Get Student" : {
    "transaction" : "Get Student",
    "sampleCount" : 1000,
    "errorCount" : 0,
    "errorPct" : 0.0,
    "meanResTime" : 10219.182,
    "medianResTime" : 9410.0,
    "minResTime" : 52.0,
    "maxResTime" : 48494.0,
    "pct1ResTime" : 17409.8,
    "pct2ResTime" : 18665.199999999997,
    "pct3ResTime" : 33497.29,
    "throughput" : 20.408579766934018,
    "receivedKBytesPerSec" : 219.093278689361,
    "sentKBytesPerSec" : 5.002493673340272
  },
  "Create Technical Skills" : {
    "transaction" : "Create Technical Skills",
    "sampleCount" : 1000,
    "errorCount" : 0,
    "errorPct" : 0.0,
    "meanResTime" : 2432.4170000000026,
    "medianResTime" : 2679.5,
    "minResTime" : 57.0,
    "maxResTime" : 13441.0,
    "pct1ResTime" : 5163.0999999999985,
    "pct2ResTime" : 5560.849999999999,
    "pct3ResTime" : 7262.870000000003,
    "throughput" : 20.48131080389145,
    "receivedKBytesPerSec" : 6.6404249871991805,
    "sentKBytesPerSec" : 8.100518433179722
  }
}